frame,t_s,phase,feet_contact_conf,hind_imgL_contact,hind_imgR_contact,fore_visible_contact,pelvis_xy_norm,pelvis_delta_norm,pelvis_shift_yaw,hind_coordination,trunk_pitch_curve,neck_head,jaw_grip,tail_response,prop_coupling_pull,delta_from_prior,visibility_notes
0,0.000,"approach-ready","H","P","P","N","~0.43;0.46","baseline","x0/y0;depth-yaw-unknown","large hind feet both visibly grounded; tucked forelimbs","level torso","neck already forward/down; head low; pitch-down; muzzle left","closed; no prop contact","tail long and gently down-curved at tip","none; prop absent","baseline; no prop visible","side view; far-side joints partly merged"
1,0.042,"approach-ready","H","P","P","N","~0.43;0.46","~0.00;~0.00","x0/y0;depth-yaw-unknown","no step; both hind silhouettes remain planted","level torso; small forward neck drop","head low; muzzle advances with body","closed; no prop","tail translates with body; tip similar","none; prop enters at image-left","baseline; animal nearly unchanged","prop appears at left edge"
2,0.083,"approach-ready","H","P","P","N","~0.44;0.46","~+0.01;~0.00","x+small; yaw-unknown","both hind feet planted; no visible fore support","level torso","head/neck slightly lower; head low","closed; no prop","tail tip stable relative body","none; prop still uncoupled","animal and prop move image-right","side projection; no depth read"
3,0.125,"approach-ready","H","P","P","N","~0.44;0.46","~0.00;~0.00","x+small; yaw-unknown","both hind feet planted; support remains wide","level back; neck forward/down","head low; muzzle points down-left","closed; no prop","tail long; mild tip-down","none; prop at left edge","prop still separated; first clear prey presence","far-side joints merged"
4,0.167,"approach-step","H","P","S","N","~0.45;0.46","~+0.01;~0.00","x+; yaw-unknown","hind_imgL planted; hind_imgR lifts into swing; no fore contact","torso level","neck forward/down; head low and advancing","closed; no prop","tail tracks right; tip mildly down","none; prop uncoupled","hind_imgR toes visibly off floor","setup step; not rigid-foot hold"
5,0.208,"approach-step","H","P","S","N","~0.45;0.46","~0.00;~0.00","x+small; y0; yaw-unknown","hind_imgL anchor; hind_imgR knee flexed and foot lifted","torso level","neck extends forward/down; head low; muzzle down-left","closed; no prop","tail unchanged relative body","none; prop moves right at floor","continued swing; carcass still separate","limb identity is image position only"
6,0.250,"approach-step","H","P","S","N","~0.46;0.46","~+0.01;~0.00","x+; y0; yaw-unknown","hind_imgL planted; hind_imgR mid-swing with toes curled","level torso","head drops slightly; low head; pitch-down","closed; no prop","tail tip slightly down","none; prop uncoupled","body advances while one hind foot unloaded","2D view cannot certify hidden foot"
7,0.292,"approach-step","H","P","S","N","~0.46;0.46","~0.00;~0.00","x+small; y0; yaw-unknown","hind_imgL still anchor; hind_imgR swing held","torso level","neck forward/down; head low; muzzle tracks prop but gap","closed; no prop","tail long; tip down","none; prop advances image-right","animal/prey spacing narrows","no jaw contact"
8,0.333,"approach-step","H","P","S","N","~0.47;0.46","~+0.01;~0.00","x+; y0; yaw-unknown","hind_imgL planted; hind_imgR still off floor","level back","neck lowers; head low and forward","closed; no prop","tail slight tip-down","none; prop uncoupled","still a clear gap under muzzle","contact not visible"
9,0.375,"approach-step","M","P","T","N","~0.47;0.46","~0.00;~0.00","x+small; y0; yaw-unknown","hind_imgL planted; hind_imgR toes approach floor/overlap anchor silhouette","torso level","head low; muzzle down-left","closed; no prop","tail tip down","none; prop uncoupled","hind_imgR landing partly occluded by hind_imgL","partial toe only"
10,0.417,"approach-step","M","P","T","N","~0.47;0.46","~0.00;~0.00","x+; y0; yaw-unknown","hind_imgL planted; hind_imgR lowers near floor; contact edge ambiguous","torso level","head low and slightly forward","closed; no prop","tail tip down","none; prop uncoupled","body continues right; foot overlap prevents hard contact call","contact confidence medium"
11,0.458,"approach-step","H","P","P","N","~0.48;0.45","~+0.01;~-0.01","x+; y-very-small; yaw-unknown","both hind feet read planted again; weight recenters","torso level","neck forward/down; head low; pitch-down","closed; no prop","tail slight downward arc","none; prop uncoupled","landing resolved; animal still translating toward prey","forelimbs remain tucked"
12,0.500,"approach-step","H","P","P","N","~0.48;0.45","~0.00;~0.00","x+small; y0; yaw-unknown","both hind feet planted; knee/hock flexion increases without lift","torso level","head lowers fractionally; low head","closed; no prop","tail long; tip down","none; prop uncoupled","approach compression; no jaw-prop coupling","side view"
13,0.542,"approach-step","H","S","P","N","~0.49;0.45","~+0.01;~0.00","x+; y0; yaw-unknown","hind_imgL lifts/reaches forward; hind_imgR remains planted; no fore contact","torso level","head low; pitch-down","closed; no prop","tail slight tip-down","none; prop uncoupled","second hind-foot step begins","do not confuse tucked forelimb with large hind limb"
14,0.583,"approach-step","H","S","P","N","~0.49;0.45","~0.00;~0.00","x+small; y0; yaw-unknown","hind_imgL clearly airborne/reaching; hind_imgR anchor","torso level","neck down; muzzle visibly above carcass with background gap","closed; no grip","tail long; slight down curve","none; prop uncoupled","forward foot step coincides with head approach","explicit no-contact frame"
15,0.625,"approach-step","M","T","P","N","~0.50;0.45","~+0.01;~0.00","x+; y0; yaw-unknown","hind_imgL reaches floor/partial toe; hind_imgR planted","torso level","neck/head forward/down; gap remains","closed; no prop","tail tip down","none; prop uncoupled","foot near-floor transition; muzzle still above prey","contact confidence medium"
16,0.667,"approach-step","H","P","P","N","~0.50;0.45","~0.00;~0.00","x+small; y0; yaw-unknown","both hind feet visibly grounded; knees/hocks settle","torso level","head low and forward","closed; no prop","tail unchanged","none; prop uncoupled","second step resolved; body continues image-right with anchors","forelimbs tucked"
17,0.708,"approach-hover","H","P","P","N","~0.51;0.45","~+0.01;~0.00","x+; y0; yaw-unknown","both hind feet planted; no visible foot slide","torso level; neck slope increasing","head low; pitch-down; muzzle approaches but gap","closed; no prop","tail slight down arc","none; prop uncoupled","head/prey spacing narrows","no contact claim"
18,0.750,"approach-hover","H","P","P","N","~0.51;0.46","~0.00;~+0.01","x+small; y+very-small; yaw-unknown","both hind feet planted; hocks flex subtly","torso begins forward/down curve","head low; pitch-down","closed; no prop","tail tip down","none; prop uncoupled","body and prop translate image-right; muzzle remains separated","depth unknown"
19,0.792,"approach-hover","H","P","P","N","~0.52;0.46","~+0.01;~0.00","x+; y0; yaw-unknown","both hind feet planted; support stable while torso shifts","forward/down neck curve","head low; pitch-down; muzzle over prey region but gap","closed; no prop","tail mild tip-down","none; prop uncoupled","continued body motion over feet","not post-contact hold"
20,0.833,"approach-hover","H","P","P","N","~0.52;0.46","~0.00;~0.00","x+small; y0; yaw-unknown","hind_imgL hock flexed; hind_imgR anchor clear","torso forward/down; dorsal still high","head low; pitch-down; clear background gap to carcass","closed; no grip","tail tip down","none; prop uncoupled","explicit enlarged frame shows gap","no contact"
21,0.875,"approach-hover","H","P","P","N","~0.52;0.47","~0.00;~+0.01","x+small; y+small; yaw-unknown","both hind feet planted; no step","torso forward/down; neck drop deepens","head low; muzzle above prey with gap","closed; no prop","tail slightly more down-curved","none; prop uncoupled","head moves down while feet remain anchors","camera cannot expose hidden depth"
22,0.917,"approach-hover","H","P","P","N","~0.52;0.47","~0.00;~0.00","x0; y+small; yaw-unknown","both hind feet planted; knees/hocks stable","torso forward/down; pelvis appears slightly lower in image","head low; pitch-down; gap persists","closed; no prop","tail down arc","none; prop uncoupled","apparent body shift without stepping","not proof of force"
23,0.958,"approach-hover","H","P","P","N","~0.53;0.47","~+0.01;~0.00","x+small; y0; yaw-unknown","both hind feet planted","forward/down trunk curve","head low; muzzle hovering","closed; no prop","tail tip down","none; prop uncoupled","small head/torso change; carcass unchanged","muzzle/prey boundary beginning to occlude"
24,1.000,"approach-hover","H","P","P","N","~0.53;0.47","~0.00;~0.00","x0; y0; yaw-unknown","both hind feet planted; support stable","forward/down neck curve","head low; pitch-down; enlarged view shows separation","closed; no grip","tail down arc","none; prop uncoupled","near-muzzle hover","no contact"
25,1.042,"approach-hover","H","P","P","N","~0.53;0.46","~0.00;~-0.01","x0; y-very-small; yaw-unknown","both hind feet planted; hocks unchanged","torso begins slight rise while neck stays down","head low; pitch-down; gap remains","closed; no prop","tail tip down","none; prop uncoupled","body settles over planted feet","no bite"
26,1.083,"approach-hover","H","P","P","N","~0.53;0.46","~0.00;~0.00","x0; y0; yaw-unknown","both hind feet planted; no step","torso forward/down","head/muzzle lower; pitch-down","closed; no contact visible","tail down arc","none; prop uncoupled","muzzle nearing dorsal carcass but not touching","side view"
27,1.125,"approach-hover","H","P","P","N","~0.54;0.46","~+0.01;~0.00","x+small; y0; yaw-unknown","both hind feet planted; support stable","forward/down curve","head low; pitch-down; tiny gap remains","closed; no grip","tail down arc","none; prop uncoupled","approach continues; occlusion begins at muzzle/prey boundary","candidate only"
28,1.167,"approach-hover","M","P","P","N","~0.54;0.45","~0.00;~-0.01","x0; y-very-small; yaw-unknown","both hind feet planted; hocks hold","torso slightly higher; neck hinges down","head low; muzzle almost over carcass; contact not observable","closed; no visible strand","tail slight tip-down","none; prop uncoupled","ambiguous muzzle/carcass overlap","mark candidate only"
29,1.208,"approach-hover","M","P","P","N","~0.54;0.45","~0.00;~0.00","x0; y0; yaw-unknown","both hind feet planted; no step","torso holds high over flexed legs","head low; pitch-down; muzzle very near dorsal prey","closed; no grip","tail down arc","none; prop uncoupled","approach hover; first contact remains unknown","not asserted"
30,1.250,"approach-contact-ambiguous","M","P","P","N","~0.54;0.45","below ±0.02; no resolved pelvis change","x0; depth-yaw-unknown","both hind feet appear grounded; legs overlap at floor","forward/down trunk; hips remain high","head low; snout over carcass; overlap hides contact edge","closed; no strand","tail long; mild down arc","none visible; prop still floor-bound","snout lowers a little; no reliable body displacement","contact boundary occluded"
31,1.292,"approach-contact-ambiguous","M","P","P","N","~0.54;0.45","below ±0.02; head lowers","x0; depth-yaw-unknown","both hind silhouettes hold; no clear step","forward/down curve persists","head low; muzzle nearly touches dorsal surface; contact unresolved","closed; no strand","tail unchanged; tip down","none visible; prop unchanged","small head change only; pelvis trend unresolved","red/ brown overlap at muzzle"
32,1.333,"approach-contact-ambiguous","M","P","P","N","~0.54;0.45","below ±0.02; no resolved pelvis change","x0; depth-yaw-unknown","both feet read planted; hock shapes stable","trunk slightly more forward/down","head low; snout at dorsal edge; no visible gap or strand","closed; contact not certifiable","tail mild down arc","none visible; carcass remains flat","near-contact pose sustained","image-plane overlap is not proof of grip"
33,1.375,"approach-contact-ambiguous","M","P","P","N","~0.54;0.45","below ±0.02; neck moves down","x0; depth-yaw-unknown","both hind feet hold; no stepping visible","forward/down curve; hips above ankle line","head low; muzzle overlaps prey edge","closed; no visible tissue connector","tail stable; slight tip-down","none visible; no prop lift","neck changes while foot anchors hold","muzzle/prey occlusion"
34,1.417,"approach-contact-ambiguous","M","P","P","N","~0.54;0.45","below ±0.02; no resolved pelvis change","x0; depth-yaw-unknown","both hind feet appear planted; one ankle partly merged","forward/down trunk","head low; snout pressed-looking but no strand visible","closed-to-near-closed; grip unknown","tail stable; tip down","none visible; prop still grounded","jaw region changes below reliable contact threshold","side camera cannot resolve depth"
35,1.458,"approach-contact-ambiguous","M","P","P","N","~0.54;0.45","below ±0.02; body holds","x0; depth-yaw-unknown","both hind silhouettes planted; hock compression held","forward/down curve; dorsal line high","head low; muzzle at carcass crest; no connector","closed; no grip call","tail slight down arc","none visible","body hold with small neck adjustment","candidate only"
36,1.500,"approach-contact-ambiguous","M","P","P","N","~0.54;0.45","below ±0.02; head/neck adjustment","x0; depth-yaw-unknown","both hind feet appear grounded; no lift","forward/down trunk unchanged","head low; snout still over prey; contact edge hidden","closed; no strand","tail stable; tip down","none visible; prop flat","snout tracks down-left relative body","no robust coupling evidence"
37,1.542,"approach-contact-ambiguous","M","P","P","N","~0.54;0.45","below ±0.02; no resolved pelvis change","x0; depth-yaw-unknown","both hind feet hold; ankles overlap","forward/down curve","head low; slight pitch change; muzzle/prey overlap","closed; grip unknown","tail mild down arc","none visible","neck pitch changes without step","occluded bite boundary"
38,1.583,"approach-contact-ambiguous","M","P","P","N","~0.54;0.45","below ±0.02; no resolved pelvis change","x0; depth-yaw-unknown","both hind feet planted; hocks stable","forward/down trunk; hips high","head low; mouth edge near carcass; no strand","closed; no visible grip","tail stable; tip down","none visible; prey remains on floor","approach pauses visually","contact unknown"
39,1.625,"approach-contact-ambiguous","M","P","P","N","~0.54;0.45","below ±0.02; neck settles","x0; depth-yaw-unknown","both hind feet appear planted; no step","forward/down curve held","head low; muzzle at prey crest; no clear gap","closed; no connector","tail slight down arc","none visible","small head settle only","foreground red tissue merges with jaw"
40,1.667,"approach-contact-ambiguous","M","P","P","N","~0.54;0.45","below ±0.02; no resolved pelvis change","x0; depth-yaw-unknown","both hind feet grounded; one foot partly hidden behind other","trunk forward/down; high hips","head low; snout aligned over carcass; connector absent","closed; no grip call","tail stable; tip down","none visible; prop flat","jaw/head remains poised over prey","cannot certify contact"
41,1.708,"approach-contact-ambiguous","M","P","P","N","~0.54;0.45","below ±0.02; no resolved pelvis change","x0; depth-yaw-unknown","hind silhouettes hold; no visible foot slide","forward/down curve","head low; muzzle near dorsal ridge","closed; no strand","tail stable; tip down","none visible","pause before first visible tissue connection","occlusion high"
42,1.750,"approach-contact-ambiguous","M","P","P","N","~0.54;0.45","below ±0.02; neck lowers","x0; depth-yaw-unknown","both feet read planted; hocks flexed","forward/down trunk; dorsal remains high","head low; muzzle overlaps prey top; grip unresolved","closed-to-near-closed; no strand","tail slight down arc","none visible; prey flat","head descends relative to anchored feet","overlap not proof"
43,1.792,"approach-contact-ambiguous","M","P","P","N","~0.54;0.45","below ±0.02; no resolved pelvis change","x0; depth-yaw-unknown","both hind feet hold","forward/down curve","head low; snout at same prey region; no connector","closed; grip unknown","tail stable","none visible","near-static support with neck adjustment","side view"
44,1.833,"approach-contact-ambiguous","M","P","P","N","~0.54;0.45","below ±0.02; jaw region changes","x0; depth-yaw-unknown","both feet appear planted; one ankle occluded","forward/down trunk","head low; muzzle nearly on carcass; boundary hidden","closed; no visible strand","tail slight down arc","none visible","jaw/head begins subtle opening but no coupling evidence","candidate only"
45,1.875,"approach-contact-ambiguous","M","P","P","N","~0.54;0.45","below ±0.02; no resolved pelvis change","x0; depth-yaw-unknown","both hind feet hold; no step","forward/down curve; high hips","head low; muzzle at prey crest; no strand","closed-to-near-closed","tail stable; tip down","none visible; prop still floor-bound","head holds while body support remains","contact timing unresolved"
46,1.917,"approach-contact-ambiguous","M","P","P","N","~0.54;0.45","below ±0.02; neck settles","x0; depth-yaw-unknown","both hind feet appear grounded; ankle overlap","forward/down curve","head low; mouth edge touches-looking but no visible connector","near-closed; grip unknown","tail mild down arc","none visible","last ambiguous pre-strand frame","do not backdate first contact"
47,1.958,"first-visible-strand","M","P","P","N","~0.54;0.45","below ±0.02; first coupling cue","x0; depth-yaw-unknown","both hind feet hold; no step visible","forward/down trunk; hips high","head low; first thin red strand appears between mouth and prey","strand visible; grip candidate","tail begins slight upward/less-down curve","first visible mouth-to-prop connector; prop still grounded","coupling onset is a single-frame visual cue","first connector may be edge overlap; confidence medium"
48,2.000,"grip-established","H","P","P","N","~0.54;0.45","below ±0.02; coupling strengthens","x0; depth-yaw-unknown","both hind feet visibly planted; hocks flexed","forward/down trunk; support unchanged","head low; strand clearly extends from mouth to carcass","jaw partly open; tissue held","tail slight upward arc","mouth-to-prop strand persists; no large prop lift","strand persists from prior frame","first robust coupling frame"
49,2.042,"grip-established","H","P","P","N","~0.54;0.45","below ±0.02; neck/front-body changes","x0; depth-yaw-unknown","both hind feet hold; no visible step","forward/down curve; hip line begins to rise while front body pivots down","snout moves image-left and slightly down from F048; neck rotates/lengthens in projection; strand visible","jaw opening increases; tissue tension visible","tail lifts slightly; curve grows","tissue drawn upward; carcass body remains largely floor-bound","head movement now coupled to strand; no 3D lift claim","force direction inferred only from visible tissue motion"
50,2.083,"grip-established","H","P","P","N","~0.54;0.46","below ±0.02; pelvis trend only","x0; depth-yaw-unknown","both hind feet planted; ankle silhouettes stable","pelvis/hip topline rises while thorax/front body descends into a stronger forward curve","snout continues image-left/down; cranial mass descends; jaw gape grows","jaw open; grip retained","tail arc rises; tip tracks upward","tissue visibly stretched upward; carcass edge begins to deform/lift","head and hip move in opposite vertical directions over anchored feet","loads/COM unknown"
51,2.125,"grip-established","H","P","P","N","~0.54;0.46","below ±0.02; front-body descent over fixed feet","x0; depth-yaw-unknown","hind feet remain planted; hocks flex under changing pose","hip/topline rise continues; front torso remains down/forward rather than uniformly lifting","snout shifts further left/down; neck angle changes; strand lengthens","jaw open; tissue held","tail rises/curves with trunk","tissue connector prominent; prop still mostly grounded","skull and hips move differently while foot silhouettes stay fixed","visible 2D pull composition"
52,2.167,"grip-established","H","P","P","N","~0.53;0.46","small block trend only; not per-frame measurement","x0; depth-yaw-unknown","both hind feet planted; no step visible","hip rise and anterior descent remain distributed through the body curve","snout remains low/left relative to F048; strand stays taut; yaw/roll ambiguous","jaw open; regrip not indicated","tail continues upward arc","tissue pulled toward mouth; carcass crest begins to lift","body motion accumulates over planted anchors","prop coupling clear"
53,2.208,"grip-established","H","P","P","N","~0.53;0.46","small block trend only; not per-frame measurement","x0; depth-yaw-unknown","both hind feet hold; feet silhouettes anchored","hips high; front trunk/neck stays forward/down rather than a uniform rise","snout lower/left than F048; long red strand clearly connects mouth to carcass","jaw open; tissue held","tail arced upward; tip responsive","strong visible mouth-to-prop strand; prey still on floor","end of initial grip phase; hip rise and anterior descent are simultaneous","robust coupling evidence"
54,2.250,"tear-pull-1","H","P","P","N","~0.52;0.47","visible multi-frame hip rise begins; not micromotion","x-lean/rotation apparent; depth-yaw-unknown","both hind feet remain planted; no visible step","pelvis/hip topline rises while cranial/front body descends around the planted support","snout approx image (232,287), left/down from F048; jaw gape expands; skull elevation is not observed","jaw opens wide; tissue drawn upward","tail rises and curves more strongly","active tissue pull; carcass edge begins to lift/tilt","large head/hip counter-motion with anchors stable","image-plane coupling only; 3D force unknown"
55,2.292,"tear-pull-1","H","P","P","N","~0.52;0.47","same pull block; body trend only","x-lean/rotation apparent; depth-yaw-unknown","hind feet hold; ankle positions visually stable","hip line stays high/rising; anterior trunk remains low/forward","snout continues left/down; cranial mass descends while tissue stays taut","jaw wide; grip maintained","tail arced upward; tip follows body","tissue strand lengthens; prop partly deforms/lifts","jaw gape and skull translation are distinct; feet do not step","side view cannot resolve hidden load"
56,2.333,"tear-pull-1","H","P","P","N","~0.51;0.48","same pull block; body trend only","x-lean/rotation apparent; depth-yaw-unknown","both hind feet planted; hock flexion changes without lift","hips remain high; front body/neck stays down in the pull curve","head/snout remains low-left toward prey; no upward skull motion certified; jaw remains open","wide gape; tissue held","tail high arc; tip shifts with trunk","visible tissue is elevated between mouth and prey","body continues pull with hip rise/front descent over anchors","no exact force/COM claim"
57,2.375,"tear-pull-1","H","P","P","N","~0.51;0.48","same pull block; body trend only","x-lean/rotation apparent; depth-yaw-unknown","hind feet silhouettes remain fixed; no step","high hip line with distributed forward/down thorax curve","neck/head remains low-left relative torso; jaw open; yaw/roll unresolved","wide gape; connector persists","tail curvature changes; tip elevated","tissue remains coupled; prey top visibly raised toward mouth","pull held unevenly rather than constant-speed","timing is visual only"
58,2.417,"tear-pull-1","H","P","P","N","~0.50;0.48","same pull block; body trend only","x-lean/rotation apparent; depth-yaw-unknown","both hind feet planted; no fore support visible","hip stays high; anterior trunk remains forward/down; arch is not a uniform lift","head/snout stays low/left; jaw gape persists; 3D yaw/roll unknown","wide gape; tissue taut","tail begins changing curvature despite foot anchors","prop/tissue stays connected; prey edge lifted","small head reversal within sustained pull","localized head motion plus distributed hip/trunk response"
59,2.458,"tear-pull-1","H","P","P","N","~0.49;0.48","end-block trend; not per-frame measurement","x-lean/rotation apparent; depth-yaw-unknown","both hind feet read planted; hocks compressed","hips/topline high; front body remains down/forward at end of first pull","snout approx image (185,302), far left/down from F048; jaw very wide; connector clear","wide open bite; tissue held","tail high arc; tip response visible","mouth remains coupled; pulled tissue spans mouth-to-prey","pull settles into held tension before next block","contact robust; no step observed"
60,2.500,"tear-pull-1-hold","H","P","P","N","~0.48;0.47","same pull block; no reliable per-frame pelvis metric","x-lean/rotation apparent; depth-yaw-unknown","both hind feet appear planted; foot silhouettes anchor floor","thorax descends/arches forward while hips stay high","head low; jaw wide around prey; connector partly hidden by mouth","wide gape; grip retained","tail high arc; tip tracks upward","mouth remains coupled; prey edge under jaw","body motion continues over anchored feet","visible 2D coupling; force unknown"
61,2.542,"tear-pull-1-hold","H","P","P","N","~0.48;0.47","same pull block; no reliable per-frame pelvis metric","x-lean/rotation apparent; depth-yaw-unknown","hind feet hold; hocks flex without visible lift","forward/down trunk curve sustained; high hips","neck extends forward/down; jaw still open at prey","wide gape; grip retained","tail arc remains high","prey/tissue stays under mouth; no clear full-body prop lift","jaw and thorax shift while feet stay planted","near/far contact not separable"
62,2.583,"tear-pull-1-hold","H","P","P","N","~0.48;0.47","same pull block; no reliable per-frame pelvis metric","x-lean/rotation apparent; depth-yaw-unknown","both hind silhouettes stable; no step","trunk remains curved forward/down; pelvis visibly above feet","head begins a small up/left draw; mouth open","wide gape; connector likely retained, partly occluded","tail tip changes curvature slightly","tissue remains coupled; prey still mostly floor-bound","small head reversal within sustained hold","prop coupling medium-high"
63,2.625,"tear-pull-1-hold","H","P","P","N","~0.48;0.46","same pull block; no reliable per-frame pelvis metric","x-lean/rotation apparent; depth-yaw-unknown","both hind feet planted; ankle outlines overlap","thorax lowers/forward relative high pelvis","head low and forward; jaw open; prey edge at teeth","wide gape; grip visible at prey edge","tail high arc; tip slightly left","mouth-to-prey contact persists; tissue edge moves upward","head lowers while trunk/hips hold","no hidden load inference"
64,2.667,"tear-pull-1-hold","H","P","P","N","~0.48;0.46","same pull block; no reliable per-frame pelvis metric","x-lean/rotation apparent; depth-yaw-unknown","hind feet remain anchored; no visible toe lift","forward/down curve remains distributed across neck/thorax","head low; jaw wide; contact edge partly masked","wide gape; grip retained","tail arc holds; tip begins to settle","prey edge/tissue visibly pulled toward mouth","uneven hold, not constant velocity","side camera"
65,2.708,"tear-pull-1-hold","H","P","P","N","~0.47;0.46","same pull block; no reliable per-frame pelvis metric","x-lean/rotation apparent; depth-yaw-unknown","both hind feet appear planted; hocks compressed","high hips; thorax forward/down","head/neck low; jaw open at prey; connector not always separable","wide gape; grip retained","tail high but less sharply curved","prey remains coupled; upper edge slightly raised","small body shift without a step","prop motion visible but 3D direction unknown"
66,2.750,"tear-pull-1-hold","H","P","P","N","~0.47;0.46","same pull block; no reliable per-frame pelvis metric","x-lean/rotation apparent; depth-yaw-unknown","hind foot silhouettes hold; forelimbs still suspended","trunk curve sustained; hips above ankle line","head low; jaw open; lower teeth near prey","wide gape; grip likely retained","tail curvature subtly changes","contact under jaw continues; carcass remains floor-supported","neck pitch changes over fixed-looking feet","contact partly occluded"
67,2.792,"tear-pull-1-hold","H","P","P","N","~0.47;0.46","same pull block; no reliable per-frame pelvis metric","x-lean/rotation apparent; depth-yaw-unknown","both hind feet planted; no visible step","thorax holds forward/down; back curve stable","head shifts slightly left/forward; open mouth at prey","wide gape; grip retained","tail tip follows small body adjustment","prey edge follows mouth; no gross body translation","small lateral/head composition change","lateral 3D angle unknown"
68,2.833,"tear-pull-1-hold","H","P","P","N","~0.47;0.46","same pull block; no reliable per-frame pelvis metric","x-lean/rotation apparent; depth-yaw-unknown","hind feet anchored; one ankle partly hidden","trunk/neck form one forward/down curve; high pelvis","head low; mouth remains open; contact edge hidden","wide gape; grip retained","tail high arc begins to flatten","coupled prey/tissue remains near floor","hold phase pauses visually before next prop motion","not a rigid-body pose"
69,2.875,"tear-pull-1-hold","H","P","P","N","~0.47;0.46","same pull block; no reliable per-frame pelvis metric","x-lean/rotation apparent; depth-yaw-unknown","both hind silhouettes stable","forward/down trunk; hips high","head low; jaw open; prey edge at mouth","wide gape; grip retained","tail tip slightly down from prior arc","mouth remains coupled; prey shifts subtly","small head advance; foot anchors unchanged","no force magnitude claim"
70,2.917,"tear-pull-1-hold","H","P","P","N","~0.47;0.46","same pull block; no reliable per-frame pelvis metric","x-lean/rotation apparent; depth-yaw-unknown","both hind feet visibly grounded; no stepping","high hips and descending thorax remain clear","head low; jaw open over prey; contact partly occluded","wide gape; grip retained","tail curvature transitions toward flatter arc","coupled mouth/prey; prey still floor-bound","head/body settle over anchors","observed 2D only"
71,2.958,"tear-pull-1-hold","H","P","P","N","~0.46;0.46","end hold trend; not per-frame measurement","x-lean/rotation apparent; depth-yaw-unknown","hind foot silhouettes remain planted","forward/down body composition; hips high","head low; teeth at prey edge; connector obscured","open bite; grip likely retained","tail arc begins downward transition","mouth remains at prey; prop coupling visible by overlap and motion continuity","end of first sustained hold","contact confidence medium-high due continuity"
72,3.000,"tear-pull-1-prop-lift","H","P","P","N","~0.46;0.45","visible prop-motion block begins; no micromotion claim","x-lean/rotation apparent; depth-yaw-unknown","both hind feet appear anchored; no visible step","trunk holds forward/down; hips above ankles","head low/forward; jaw open at prey crest","open bite; grip retained","tail curvature changes with head/body","prop front/edge visibly lifts or tilts under mouth while feet stay fixed","prop motion begins without foot relocation","image-plane lift/tilt; actual load unknown"
73,3.042,"tear-pull-1-prop-lift","H","P","P","N","~0.46;0.45","same prop-motion block; body trend only","x-lean/rotation apparent; depth-yaw-unknown","hind feet silhouettes stable; hocks hold","forward/down curve distributed through neck and thorax","head remains low; jaw open; prey edge rising/tilting","grip retained; gape moderate-wide","tail tip adjusts laterally/upward","prey rib/edge visibly displaced toward mouth","body and prop move while anchors hold","coupling clear, force direction not certified"
74,3.083,"tear-pull-1-prop-lift","H","P","P","N","~0.46;0.45","same prop-motion block; body trend only","x-lean/rotation apparent; depth-yaw-unknown","both hind feet planted; no step","high hip line; thorax forward/down","neck/head slightly retracts but stays near prey","open bite; grip retained","tail arc starts to soften","prop body lifts/rolls at mouth; floor contact may remain at other edge","uneven prop rotation, not steady translation","far-side prop contact unknown"
75,3.125,"tear-pull-1-prop-lift","H","P","P","N","~0.45;0.45","same prop-motion block; body trend only","x-lean/rotation apparent; depth-yaw-unknown","hind feet remain planted; foot silhouettes unchanged","trunk curve sustained; hips remain high","head low; jaw open; tissue/edge runs into mouth","grip retained","tail slight downward response","prop front remains lifted/tilted; ribs/edge rotate in image plane","small head recoil accompanies prop motion","not a measured force estimate"
76,3.167,"tear-pull-1-prop-lift","H","P","P","N","~0.45;0.45","same prop-motion block; body trend only","x-lean/rotation apparent; depth-yaw-unknown","both hind feet hold; no visible toe release","forward/down thorax; pelvis elevated","head/neck shifts back/left; mouth still open at tissue","open bite; grip retained","tail tip follows a small curvature change","prop edge visibly raised and angled; coupling persists","prop response lags/varies relative to head","lateral/depth pull unknown"
77,3.208,"tear-pull-1-prop-lift","H","P","P","N","~0.45;0.45","end prop-motion trend; not per-frame measurement","x-lean/rotation apparent; depth-yaw-unknown","hind feet visibly anchored; no step","high hips; forward/down body curve sustained","head low-forward; teeth at elevated prey edge","open bite; grip retained","tail arc softens while tip remains responsive","prop edge/body clearly lifted/tilted beneath jaw","end of first prop-lift pulse","strong 2D prop-coupling evidence"
78,3.250,"release-reposition","H","P","P","N","~0.44;0.45","body/head release shift; no reliable pelvis metric","x-lean/rotation apparent; depth-yaw-unknown","both hind feet remain planted; no step","trunk still forward/down but begins to unload","head projects left/forward; mouth opens away from prey; visible gap","jaw wide; grip released or connector no longer visible","tail begins downward/straightening response","prop remains displaced/tilted on floor; no visible connector","release occurs with foot anchors fixed","gap visible; regrip not yet"
79,3.292,"release-reposition","H","P","P","N","~0.44;0.45","same release block; body trend only","x-lean/rotation apparent; depth-yaw-unknown","hind feet hold; hocks stable","thorax/neck extend forward; hips remain high","head farther left/forward; jaw wide; gap from prop","open jaw; no grip visible","tail curvature decreases","prop stays on floor and separated from mouth","head translation without step","separation confidence high"
80,3.333,"release-reposition","H","P","P","N","~0.44;0.45","same release block; body trend only","x-lean/rotation apparent; depth-yaw-unknown","both hind feet planted; forelimbs suspended","forward/down trunk held; body not deep squat","head low-forward; jaw wide; clear air gap to prey","wide gape; released","tail flatter/downward","prop remains tilted/shifted; no coupling","pause/reposition phase begins","side view cannot expose hidden contact"
81,3.375,"release-reposition","H","P","P","N","~0.44;0.45","same release block; body trend only","x-lean/rotation apparent; depth-yaw-unknown","hind feet silhouettes stable","neck extends forward from high pelvis; trunk curve distributed","head projects left; jaw still wide and separated","wide gape; no grip","tail continues flattening/down","prop unchanged on floor","head/neck advance while feet remain anchors","no step"
82,3.417,"release-reposition","H","P","P","N","~0.44;0.45","same release block; body trend only","x-lean/rotation apparent; depth-yaw-unknown","both hind feet hold; no visible slide","thorax remains low-forward relative to hips","head low-forward; open jaw; gap persists","wide gape; released","tail less arched; tip tracks right","prop uncoupled; carcass edge stable","small head pitch change","contact unknown only at hidden far side"
83,3.458,"release-reposition","H","P","P","N","~0.44;0.45","end release trend; not per-frame measurement","x-lean/rotation apparent; depth-yaw-unknown","hind feet visibly anchored","high hips; forward/down curve; body slightly settled","head projected forward/left; jaw wide; no connector","wide gape; no grip","tail flatter with mild tip response","prop visibly separate and floor-supported","release pause ends; head begins to return","no postcontact hold"
84,3.500,"regrip-approach","H","P","P","N","~0.44;0.45","head lowers/extends; pelvis unresolved","x-lean/rotation apparent; depth-yaw-unknown","both hind feet planted; no step","forward/down trunk resumes over high hips","neck projects forward/down; mouth open, approaching prey","open jaw; regrip candidate, no connector","tail remains flatter/down","prop uncoupled; displaced carcass remains floor-bound","head advances toward a new bite point","contact edge still separated"
85,3.542,"regrip-approach","H","P","P","N","~0.44;0.45","same regrip block; no reliable pelvis metric","x-lean/rotation apparent; depth-yaw-unknown","hind feet hold; hocks flex subtly","trunk/neck forward/down; hips high","head lowers/extends; jaw open above prop","open jaw; no visible grip","tail slight downward curve","prop still uncoupled","mouth approaches while anchors remain stable","clear gap in enlarged crop"
86,3.583,"regrip-approach","H","P","P","N","~0.44;0.45","same regrip block; no reliable pelvis metric","x-lean/rotation apparent; depth-yaw-unknown","both hind silhouettes planted; no step","forward/down curve sustained","head low-forward; jaw open; prey under snout but connector absent","open jaw; candidate only","tail stable/flatter","prop uncoupled; no lift","small head pitch-down","overlap begins"
87,3.625,"regrip-approach","H","P","P","N","~0.44;0.45","same regrip block; no reliable pelvis metric","x-lean/rotation apparent; depth-yaw-unknown","hind feet anchored; one ankle partly hidden","trunk holds high-hip forward/down composition","head low; jaw starts closing toward prop edge","near-closed jaw; grip not yet robust","tail tip slight response","prop remains floor-bound; connector not clear","jaw closes as head settles","contact boundary occluded"
88,3.667,"regrip-candidate","M","P","P","N","~0.44;0.45","candidate coupling; no pelvis metric","x-lean/rotation apparent; depth-yaw-unknown","both hind feet appear planted; no visible step","high hips; forward/down trunk held","head low; teeth/mouth at prey edge; contact likely but strand hidden","near-closed; second grip candidate","tail stable/down","mouth overlaps displaced prey; prop coupling candidate","jaw closes into new bite point","medium confidence due occlusion"
89,3.708,"regrip-established","H","P","P","N","~0.44;0.45","regrip established; body trend only","x-lean/rotation apparent; depth-yaw-unknown","hind feet visibly anchored; hocks compressed","forward/down trunk; hips remain above ankles","head low-forward; mouth closed around prey edge","closed/clamped; second grip established","tail slight curvature change","mouth-to-prop contact persists; prey edge follows jaw","end regrip; second pull begins","connector may be hidden by closed bite"
90,3.750,"tear-pull-2","H","P","P","N","~0.44;0.45","same second-pull block; no per-frame pelvis metric","x-lean/rotation apparent; depth-yaw-unknown","both hind feet appear planted; one ankle partly occluded","forward/down trunk; high hips over flexed legs","head low; snout at prey edge; mouth partly open/closed by occlusion","second grip retained; jaw near-closed","tail flatter with slight tip response","mouth remains coupled; prey edge follows jaw","second pull begins without a step","contact confidence high by continuity"
91,3.792,"tear-pull-2","H","P","P","N","~0.44;0.45","same second-pull block; no per-frame pelvis metric","x-lean/rotation apparent; depth-yaw-unknown","hind foot silhouettes hold; no visible lift","thorax forward/down; hips remain elevated","head low-forward; teeth remain at prey surface","near-closed/clamped; grip retained","tail low/flattened; tip tracks","prop remains under jaw; subtle prey shift","small head adjustment over fixed-looking support","side view cannot certify hidden contact"
92,3.833,"tear-pull-2","H","P","P","N","~0.44;0.45","same second-pull block; no per-frame pelvis metric","x-lean/rotation apparent; depth-yaw-unknown","both hind feet planted; hocks flexed","forward/down trunk curve sustained","head low; mouth at prey top; jaw opening slight","near-closed; second grip retained","tail low; small curvature change","prey edge compressed/shifted under mouth","jaw and trunk adjust without stepping","prop response partly occluded"
93,3.875,"tear-pull-2","H","P","P","N","~0.44;0.45","same second-pull block; no per-frame pelvis metric","x-lean/rotation apparent; depth-yaw-unknown","hind feet remain anchored; no visible slide","high hips; anterior trunk down/forward","head low; snout tracks prey left edge","near-closed/clamped; grip retained","tail low and slightly down-curved","mouth-to-prop contact persists; carcass stays floor-bound","small fore/aft head motion; feet unchanged","contact robust by continuity"
94,3.917,"tear-pull-2","H","P","P","N","~0.44;0.45","same second-pull block; no per-frame pelvis metric","x-lean/rotation apparent; depth-yaw-unknown","both hind feet appear planted; one foot partly merged","trunk forward/down; hips high","head low; jaw presses/holds at prey surface","near-closed; grip retained","tail curvature begins to dip","prey body shifts slightly with jaw; no gross lift","second pull is slower/less gaping than first","image-plane coupling only"
95,3.958,"tear-pull-2","H","P","P","N","~0.44;0.45","same second-pull block; no per-frame pelvis metric","x-lean/rotation apparent; depth-yaw-unknown","hind feet silhouettes stable; no step visible","high hip line; front trunk remains low/forward","head low; mouth still at prey; slight pitch change","near-closed/clamped; grip retained","tail low arc; tip follows","prop/tissue remains coupled at mouth; floor contact persists elsewhere","jaw closes/settles while body holds","no exact load inference"
96,4.000,"tear-pull-2","H","P","P","N","~0.44;0.45","same second-pull block; no per-frame pelvis metric","x-lean/rotation apparent; depth-yaw-unknown","both hind feet planted; hock compression stable","forward/down body curve; hips above ankles","head low; snout shifts a little left along prey edge","near-closed; grip retained","tail low; slight tip change","prey edge follows mouth; no visible full lift","localized head motion over planted feet","connector hidden by closed bite"
97,4.042,"tear-pull-2","H","P","P","N","~0.44;0.45","same second-pull block; no per-frame pelvis metric","x-lean/rotation apparent; depth-yaw-unknown","hind feet hold; no visible toe release","trunk remains forward/down; pelvis high","head low-forward; jaw remains near prey","near-closed/clamped; grip retained","tail low arc","prop remains coupled; subtle floor-level shift","hold phase with uneven head timing","2D only"
98,4.083,"tear-pull-2","H","P","P","N","~0.44;0.45","same second-pull block; no per-frame pelvis metric","x-lean/rotation apparent; depth-yaw-unknown","both hind silhouettes planted","forward/down trunk held","head low; snout at prey edge; mouth near closed","near-closed/clamped; grip retained","tail low; tip slightly changes","prey body remains under jaw; no clear strand","small body/head change without step","contact edge occluded"
99,4.125,"tear-pull-2","H","P","P","N","~0.44;0.45","same second-pull block; no per-frame pelvis metric","x-lean/rotation apparent; depth-yaw-unknown","hind feet anchored; hocks stable","hips high; front-body curve sustained","head low; jaw remains at prey; slight pitch-down","near-closed; grip retained","tail low/downward curve","prop contact persists; floor-bound prey shifts minimally","jaw/head settles","no hidden force claim"
100,4.167,"tear-pull-2","H","P","P","N","~0.44;0.45","same second-pull block; no per-frame pelvis metric","x-lean/rotation apparent; depth-yaw-unknown","both hind feet visibly planted; no step","forward/down trunk; high hips","head low; snout at prey surface; mouth opens slightly","near-closed-to-partly open; grip retained","tail low arc; tip follows body","prey edge/tissue remains coupled; no gross lift","small gape change while support stays fixed","side camera"
101,4.208,"tear-pull-2","H","P","P","N","~0.45;0.45","end second-pull trend; not per-frame measurement","x-lean/rotation apparent; depth-yaw-unknown","hind feet remain planted; ankle overlap","front body still down/forward; hips high","head low; jaw opens at prey; red tissue visible inside mouth","partly open; grip retained","tail low; slight curvature change","mouth-to-prop contact remains visible; prop still on floor","last sustained second-grip frame","contact high confidence"
102,4.250,"release-transition","M","P","P","N","~0.45;0.44","multi-frame head rise starts; no micromotion claim","x-lean/rotation apparent; depth-yaw-unknown","both hind feet appear planted; one ankle partly occluded","pelvis high; anterior trunk begins to unload upward","head starts rising from prey; jaw opens wide; red tissue may remain at mouth edge","wide gape; coupling still possible but transition","tail begins to straighten/lower","mouth close to prey; connector/overlap partly visible","head rises before feet relocate","contact transition ambiguous"
103,4.292,"release-transition","M","P","P","N","~0.45;0.44","same rise block; body trend only","x-lean/rotation apparent; depth-yaw-unknown","hind foot silhouettes hold; no resolved step","front body lifts relative to prey while hips stay high","head/neck rise; jaw wide; thin red tissue at mouth may be connector or interior","wide gape; release likely, connector ambiguous","tail straightens slightly","mouth separates; any tissue link is too occluded for hard call","large jaw/head change over anchored feet","contact confidence medium"
104,4.333,"release-transition","M","P","P","N","~0.45;0.44","same rise block; body trend only","x-lean/rotation apparent; depth-yaw-unknown","both hind feet appear grounded; far silhouette merged","trunk rises/unloads; high hip support persists","head rises further; jaw fully open; gap begins to appear","wide gape; connector no longer clearly spans to prop","tail flatter/straightening","prop remains floor-bound; coupling likely released","head lift continues without foot lift","gap/contact edge partly masked"
105,4.375,"release-raised","H","P","P","N","~0.45;0.44","visible separation begins; no per-frame pelvis metric","x-lean/rotation apparent; depth-yaw-unknown","hind feet remain planted; no visible step","front trunk/neck elevated from prey; pelvis high","head clearly above prey with air gap; jaw wide","wide gape; released","tail straightens and lowers","no visible mouth-to-prop connector; carcass stays on floor","release resolved after short transition","separation confidence high"
106,4.417,"release-raised","H","P","P","N","~0.45;0.44","same release block; body trend only","x-lean/rotation apparent; depth-yaw-unknown","both hind feet planted; ankle overlap","torso/neck continue to rise; body less forward/down","head high relative prey; jaw still wide; clear gap","wide gape; released","tail low/straight","prop uncoupled; no lift","head rise and body translation over fixed-looking support","2D only"
107,4.458,"release-raised","H","P","P","N","~0.45;0.44","end release trend; not per-frame measurement","x-lean/rotation apparent; depth-yaw-unknown","hind feet visibly grounded; no resolved step","trunk elevated; hips high; front-body no longer pressed toward prey","head raised; jaw begins to close; clear gap to prop","gape narrowing; released","tail nearly straight; tip low","prop uncoupled and floor-supported","release settles before reorientation","no contact"
108,4.500,"postbite-reorient","M","P","P","N","~0.44;0.43","whole-body translation/rise over block; no micromotion","x-left/vertical rise apparent; depth-yaw-unknown","one hind foot clear; other partly merged behind body; no lift resolved","torso rises/levels from feeding curve; hips remain high","head/neck raised; jaw near-closed; prey clearly below/behind","near-closed; no grip","tail straightens; tip starts low/down","prop uncoupled; carcass remains in place","animal shifts image-left/up relative prop without proven step","far-side foot/contact partly occluded"
109,4.542,"postbite-reorient","M","P","P","N","~0.44;0.43","same reorientation block; body trend only","x-left/vertical rise apparent; depth-yaw-unknown","hind feet appear grounded; one foot partly hidden","trunk more level; high pelvis/front body lifted","head raised; jaw closed/near closed; no prop contact","closed-to-near-closed; released","tail low/straight; small curvature change","prop remains floor-bound and separated","whole animal continues image-left/up","possible projection/step ambiguity"
110,4.583,"postbite-reorient","M","P","P","N","~0.44;0.43","same reorientation block; body trend only","x-left/vertical rise apparent; depth-yaw-unknown","both hind contact silhouettes read; far foot merged","trunk level-to-slightly rising; hips high","head raised; jaw mostly closed; no connector","near-closed; no grip","tail straight/low","prop uncoupled","body translation without a visible foot lift","side view cannot certify hidden contact"
111,4.625,"postbite-reorient","M","P","P","N","~0.44;0.43","same reorientation block; body trend only","x-left/vertical rise apparent; depth-yaw-unknown","hind feet remain near floor; no clear step","torso elevated/level; neck rises from prior feeding angle","head/neck high; jaw closed; prey separated","closed; released","tail low; tip follows rear translation","prop unchanged on floor","head/torso rise continues while feet look supported","contact confidence medium due overlap"
112,4.667,"postbite-reorient","M","P","P","N","~0.44;0.43","same reorientation block; body trend only","x-left/vertical rise apparent; depth-yaw-unknown","both hind feet appear planted; hocks less compressed","trunk more level; pelvis remains high","head raised; jaw near-closed/slight opening; no prop","near-closed; no grip","tail low; slight downward curve","prop uncoupled","animal moves left/up relative to stationary prey","no step resolved"
113,4.708,"postbite-reorient","M","P","P","N","~0.43;0.43","end rise trend; not per-frame measurement","x-left/vertical rise apparent; depth-yaw-unknown","both hind feet visible near floor; far foot partly merged","torso level/elevated; anterior curve released; hips high","head/neck high; jaw slightly open; no connector","slight gape; released","tail low, longer straight segment; tip responds","prop clearly separated and floor-supported","end of rise before broad gape","no contact"
114,4.750,"postbite-gape","M","P","P","N","~0.43;0.43","gape onset; pelvis trend only","x-left/vertical rise apparent; depth-yaw-unknown","hind feet appear grounded; no visible lift","trunk level; high hips maintained","head high; jaw opens; neck extends upward/forward; no prop","gape opens; released","tail low/straight with mild curve","prop uncoupled","jaw action resumes after release pause","pause and gape are not a new bite"
115,4.792,"postbite-gape","M","P","P","N","~0.43;0.43","same gape block; body trend only","x-left/vertical rise apparent; depth-yaw-unknown","both hind feet near floor; one ankle merged","torso level; pelvis elevated","head high; jaw wide open; neck extended; no prop","wide gape; released","tail low; tip follows body","prop stationary/separate","gape widens without stepping","side view"
116,4.833,"postbite-gape","M","P","P","N","~0.43;0.43","same gape block; body trend only","x-left/vertical rise apparent; depth-yaw-unknown","hind feet appear planted; no resolved lift","level torso; high hip line","head high; jaw wide; neck long; no prop","wide gape; released","tail low; slight downward bend","prop uncoupled","jaw/head movement independent of prey","no contact"
117,4.875,"postbite-gape","M","P","P","N","~0.43;0.43","same gape block; body trend only","x-left/vertical rise apparent; depth-yaw-unknown","both hind silhouettes hold floor; far side merged","trunk level; anterior body elevated","head high; jaw wide open; no connector","wide gape; released","tail low; gradual curve","prop remains separate","gape held unevenly rather than locked pose","occlusion medium"
118,4.917,"postbite-gape","M","P","P","N","~0.43;0.43","same gape block; body trend only","x-left/vertical rise apparent; depth-yaw-unknown","hind feet appear planted; no visible step","torso/hips stable in raised stance","head high; jaw wide; slight head pitch change; no prop","wide gape; released","tail low and curved; tip response","prop uncoupled","small jaw/head adjustment during hold","2D only"
119,4.958,"postbite-gape","M","P","P","N","~0.43;0.43","end gape block; not per-frame measurement","x-left/vertical rise apparent; depth-yaw-unknown","both hind feet visible near floor; no step resolved","raised, level trunk; hips remain high","head high; jaw wide open; prey separated below","wide gape; released","tail low/down-curved; tip remains responsive","prop stationary and uncoupled","end of postbite rise/gape phase","no hidden contact claim"
120,5.000,"postbite-gape","M","P","P","N","~0.43;0.43","same gape block; no reliable per-frame pelvis metric","x-left/vertical rise apparent; depth-yaw-unknown","both hind feet appear planted; one far ankle merged","raised, level trunk; high hips","head high; jaw wide; no prop contact","wide gape; released","tail low/down-curved; tip follows","prop stationary and separate","gape continues after body rise","side view"
121,5.042,"postbite-gape","M","P","P","N","~0.43;0.43","same gape block; no reliable per-frame pelvis metric","x-left/vertical rise apparent; depth-yaw-unknown","hind silhouettes hold floor; no step visible","level/elevated torso; pelvis high","head high; jaw wide; slight pitch adjustment; no connector","wide gape; released","tail low; curvature slowly changes","prop uncoupled","small jaw/head adjustment over fixed-looking support","contact unknown only on hidden side"
122,5.083,"postbite-gape","M","P","P","N","~0.43;0.43","same gape block; no reliable per-frame pelvis metric","x-left/vertical rise apparent; depth-yaw-unknown","both hind feet appear grounded; hocks stable","raised level trunk; high hip line","head high; jaw wide; no prop","wide gape; released","tail low/downward; tip responsive","prop stationary and separate","gape held; no feeding contact","2D observation"
123,5.125,"postbite-gape","M","P","P","N","~0.43;0.43","same gape block; no reliable per-frame pelvis metric","x-left/vertical rise apparent; depth-yaw-unknown","hind feet hold; no resolved lift","torso level/elevated; hips high","head high; jaw wide; neck extended; no prop","wide gape; released","tail low; slight curve","prop uncoupled","head begins slight forward/down trend","no contact"
124,5.167,"postbite-gape","M","P","P","N","~0.43;0.43","end gape trend; not per-frame measurement","x-left/vertical rise apparent; depth-yaw-unknown","both hind feet near floor; no step resolved","raised trunk; high hips","head high; jaw still wide; prey below and separated","wide gape; released","tail low/down; tip follows","prop stationary/uncoupled","last broad-gape frame before closing","no hidden contact claim"
125,5.208,"recovery-close","M","P","P","N","~0.44;0.44","multi-frame lowering begins; no micromotion claim","x-left/forward trend; depth-yaw-unknown","hind feet appear planted; far silhouette partly merged","torso begins forward/down return while hips stay high","head slightly lower/forward; jaw begins closing; no prop","moderate gape; released","tail curvature changes with body","prop uncoupled; carcass stationary","jaw closes after pause; no step","recovery phase"
126,5.250,"recovery-close","M","P","P","N","~0.44;0.44","same recovery block; body trend only","x-left/forward trend; depth-yaw-unknown","both hind feet hold floor","trunk/neck angle returns toward feeding curve; high hips","head lower/forward; jaw partly open; no connector","moderate gape narrowing; released","tail low; tip settles","prop separate and floor-bound","head lowers without foot relocation","2D only"
127,5.292,"recovery-close","M","P","P","N","~0.44;0.44","same recovery block; body trend only","x-left/forward trend; depth-yaw-unknown","hind feet remain planted; no visible step","forward/down trunk resumes; pelvis high","head projects forward/down; jaw nearly closed; no prop","small gape; released","tail low/downward curve","prop uncoupled","jaw closing and neck lowering are coupled in timing","contact absent"
128,5.333,"recovery-close","M","P","P","N","~0.44;0.44","same recovery block; body trend only","x-left/forward trend; depth-yaw-unknown","both hind silhouettes grounded; ankle overlap","high hips; trunk mildly forward/down","head lower/forward; jaw near-closed; no connector","near-closed; released","tail low; slight curvature adjustment","prop stationary and separate","small head pitch-down","no grip"
129,5.375,"recovery-lower-head","M","P","P","N","~0.44;0.44","same recovery block; body trend only","x-left/forward trend; depth-yaw-unknown","hind feet hold; no lift resolved","torso forward/down; pelvis remains high","head/neck lower and extend toward prop; mouth closed; gap visible","closed; no grip","tail low/downward; tip follows","prop uncoupled","head lowers over fixed support","gap prevents contact claim"
130,5.417,"recovery-lower-head","M","P","P","N","~0.45;0.45","same recovery block; body trend only","x-left/forward trend; depth-yaw-unknown","both hind feet appear planted; far foot partly merged","forward/down neck-trunk curve; high hips","head extends toward carcass; jaw closed; no strand","closed; no grip","tail low; gradual settle","prop remains floor-bound/separate","neck movement larger than any visible pelvis change","side view"
131,5.458,"recovery-lower-head","M","P","P","N","~0.45;0.45","same recovery block; body trend only","x-left/forward trend; depth-yaw-unknown","hind foot silhouettes stable","trunk remains forward/down; hips above ankle line","head lower/forward; mouth closed; clear separation","closed; no grip","tail low/downward curve","prop uncoupled","head approaches without bite","no contact"
132,5.500,"recovery-lower-head","M","P","P","N","~0.45;0.45","same recovery block; body trend only","x-left/forward trend; depth-yaw-unknown","both hind feet grounded; no visible step","high hips; anterior trunk lowers/extends","head low-forward; jaw closed; no connector","closed; no grip","tail curvature shifts subtly","prop stationary and separate","small head/neck adjustment","contact edge visible enough for no-contact call"
133,5.542,"recovery-lower-head","M","P","P","N","~0.45;0.45","same recovery block; body trend only","x-left/forward trend; depth-yaw-unknown","hind feet hold; hocks stable","forward/down curve sustained; pelvis high","head lower; mouth closed; gap remains","closed; no grip","tail low/down; tip follows","prop uncoupled","head hover continues; no new grip","no contact"
134,5.583,"recovery-lower-head","M","P","P","N","~0.45;0.45","end lowering trend; not per-frame measurement","x-left/forward trend; depth-yaw-unknown","both hind silhouettes appear planted; far side merged","trunk forward/down; high hips","head low-forward; jaw closed; separated from carcass","closed; no grip","tail low; curvature settles","prop remains floor-bound","end of recovery lowering block","no hidden contact claim"
135,5.625,"recovery-hover","M","P","P","N","~0.45;0.46","same hover block; no reliable per-frame pelvis metric","x-left/forward trend; depth-yaw-unknown","hind feet visibly near floor; no resolved step","high hips; forward/down feeding-ready curve","head low; mouth closed; hovers above carcass","closed; no grip","tail low/down-curved; tip responds","prop separate and stationary","small head settle over planted feet","no contact"
136,5.667,"recovery-hover","M","P","P","N","~0.45;0.46","same hover block; no reliable per-frame pelvis metric","x-left/forward trend; depth-yaw-unknown","both hind feet hold; ankle overlap","trunk/neck forward/down; pelvis high","head low-forward; jaw closed; no connector","closed; no grip","tail low; slight curve","prop uncoupled","body remains elevated over flexed legs","side camera"
137,5.708,"recovery-hover","M","P","P","N","~0.45;0.46","same hover block; no reliable per-frame pelvis metric","x-left/forward trend; depth-yaw-unknown","hind silhouettes stable; no visible step","forward/down curve held; hips above ankles","head low; mouth closed; gap to prop persists","closed; no grip","tail low/down; tip tracks","prop stationary/separate","small head/neck adjustment","no contact"
138,5.750,"recovery-hover","M","P","P","N","~0.45;0.46","same hover block; no reliable per-frame pelvis metric","x-left/forward trend; depth-yaw-unknown","both hind feet appear planted; far side partly merged","high-hip trunk curve sustained","head low-forward; jaw closed; no strand","closed; no grip","tail low; curvature gradually settles","prop uncoupled","hover holds without bite","contact absent"
139,5.792,"recovery-hover","M","P","P","N","~0.45;0.46","same hover block; no reliable per-frame pelvis metric","x-left/forward trend; depth-yaw-unknown","hind feet hold floor; no lift resolved","trunk forward/down; hips remain high","head low; mouth closed; clear gap","closed; no grip","tail low/downward; tip responsive","prop stationary and separate","small body/head change below measurement threshold","no contact"
140,5.833,"recovery-hover","M","P","P","N","~0.45;0.46","same hover block; no reliable per-frame pelvis metric","x-left/forward trend; depth-yaw-unknown","both hind silhouettes planted","forward/down body curve; pelvis high","head low-forward; jaw closed; no connector","closed; no grip","tail low; slight curve","prop uncoupled","steady hover before clip end","side view"
141,5.875,"recovery-hover","M","P","P","N","~0.45;0.46","same hover block; no reliable per-frame pelvis metric","x-left/forward trend; depth-yaw-unknown","hind feet appear grounded; no visible step","high hips; trunk forward/down","head low; mouth closed; gap persists","closed; no grip","tail low/downward; tip tracks","prop remains separate","no new bite; small head settle","contact not visible"
142,5.917,"recovery-hover","M","P","P","N","~0.45;0.46","same hover block; no reliable pelvis metric","x-left/forward trend; depth-yaw-unknown","both hind feet planted; ankle overlap","forward/down curve sustained; high hip line","head low-forward; jaw closed; no prop contact","closed; no grip","tail low; curvature stable","prop stationary/uncoupled","head remains poised above prey","no hidden contact claim"
143,5.958,"recovery-hover","M","P","P","N","~0.45;0.46","same hover block; no reliable pelvis metric","x-left/forward trend; depth-yaw-unknown","hind silhouettes hold floor; no step resolved","trunk forward/down; hips high","head low; closed jaw; visible separation","closed; no grip","tail low/down; tip stable","prop uncoupled","end approach-like hover","no contact"
144,6.000,"recovery-hover","M","P","P","N","~0.45;0.46","clip end; no per-frame measurement","x-left/forward trend; depth-yaw-unknown","both hind feet visibly near floor; no step observed","high hips; forward/down feeding-ready curve","head low-forward; mouth closed; remains above carcass","closed; no grip","tail low/down-curved; tip settled","prop stationary and uncoupled","final frame holds hover, not postbite clamp","side view cannot certify hidden contact"
